Skill ID,Perk Name,Profession,Branch,Rank,SP Cost,Prerequisite,Effect,Recipes / Items Unlocked,Signature Item
gathering.forestry.1,Practiced Hand,Gathering,Forestry,1,1,Spend 1 SP (no prerequisite — branch entry),+10% timber and branch yield from felled trees.  [harvestYieldBonus +0.10],,Hatchet
gathering.forestry.2,Eye for Saplings,Gathering,Forestry,2,2,Spend 2 SP after: gathering.forestry.1,"+20% chance for rare wood (oak_dark / sappling_pine); unlocks Forager hire (passive berry/herb gather in camp radius).  [harvestRareBonus +0.20, harvesterUnlocked forager]",hire_forager,Hatchet
gathering.forestry.3,Coppice Tender,Gathering,Forestry,3,4,Spend 4 SP after: gathering.forestry.2,Felled trees regrow 2× faster on the same tile.  [treeRegrowSpeedBonus +1.00],craft_planter_box,Hatchet
gathering.forestry.4,Moonleaf Druid,Gathering,Forestry,4,8,Spend 8 SP after: gathering.forestry.3,"+25% herb_rare drops, herbs glow within 30m at night.  [harvestRareBonus +0.25, nightHerbVisionRange +30]",craft_moonleaf_satchel,Hatchet / Druid's Sickle
gathering.mining.1,Steady Swing,Gathering,Mining,1,1,Spend 1 SP (no prerequisite — branch entry),-10% time between mining hits.  [harvestSpeedBonus +0.10],,Pickaxe
gathering.mining.2,Ironvein,Gathering,Mining,2,2,Spend 2 SP after: gathering.mining.1,"+15% iron and stone yield.  [harvestYieldBonus +0.15, ironYieldBonus +0.15]",,Pickaxe
gathering.mining.3,Coppervein,Gathering,Mining,3,4,Spend 4 SP after: gathering.mining.2,"+20% copper, +15% flint and stone (stacks).  [copperYieldBonus +0.20, harvestYieldBonus +0.15]",,Pickaxe
gathering.mining.4,Deepcore Sapper,Gathering,Mining,4,8,Spend 8 SP after: gathering.mining.3,"+25% all metals, veins yield 2× when struck with rank-3+ pickaxe.  [harvestYieldBonus +0.25, veinDoubleYieldChance +0.50]",craft_pickaxe_steel,Pickaxe / Steel Pickaxe
gathering.permafrost.1,Cold Hands,Gathering,Permafrost,1,1,Spend 1 SP (no prerequisite — branch entry),Frostbite immunity in tundra biome.  [frostbiteImmunity true],,Ice Pickaxe
gathering.permafrost.2,Glacial Reader,Gathering,Permafrost,2,2,Spend 2 SP after: gathering.permafrost.1,Permafrost veins ping the minimap within 50m.  [permafrostMinimapRange +50],,Ice Pickaxe
gathering.permafrost.3,Ice Whisperer,Gathering,Permafrost,3,4,Spend 4 SP after: gathering.permafrost.2,"+25% permafrost ore + tundra herb yield.  [permafrostYieldBonus +0.25, harvestRareBonus +0.10]",craft_ice_pickaxe,Ice Pickaxe
gathering.permafrost.4,Aurora Forager,Gathering,Permafrost,4,8,Spend 8 SP after: gathering.permafrost.3,"+30% all tundra resources, unlocks aurora_crystal harvest.  [permafrostYieldBonus +0.30, auroraCrystalUnlocked true]",craft_aurora_lantern,Ice Pickaxe / Glacial Drill
gathering.crystals.1,Resonance,Gathering,Rift Crystals,1,1,Spend 1 SP (no prerequisite — branch entry),crystal_x veins audibly hum within 30m.  [crystalDetectRange +30],,Crystal Resonator
gathering.crystals.2,Refraction,Gathering,Rift Crystals,2,2,Spend 2 SP after: gathering.crystals.1,+15% crystal yield.  [crystalYieldBonus +0.15],craft_resonator_basic,Crystal Resonator
gathering.crystals.3,Shard Binder,Gathering,Rift Crystals,3,4,Spend 4 SP after: gathering.crystals.2,"Unlocks rift_shard harvest from rift anomalies.  [riftShardUnlocked true, crystalYieldBonus +0.10]",craft_shard_focus,Crystal Resonator
gathering.crystals.4,Riftcaller,Gathering,Rift Crystals,4,8,Spend 8 SP after: gathering.crystals.3,"+50% crystal yield, anomalies grant +1 rift_shard each.  [crystalYieldBonus +0.50, anomalyShardBonus +1]",craft_resonator_attuned,Crystal Resonator / Attuned Resonator
gathering.salvage.1,Scrap Magnet,Gathering,Salvage,1,1,Spend 1 SP (no prerequisite — branch entry),+20% scrap from ruined chests and wrecks.  [salvageYieldBonus +0.20],,Scrap Cutter
gathering.salvage.2,Field Stripper,Gathering,Salvage,2,2,Spend 2 SP after: gathering.salvage.1,Derelict tech grants 2× component drops.  [derelictDoubleDropChance +1.00],craft_multitool,Scrap Cutter / Multitool
gathering.salvage.3,Junker,Gathering,Salvage,3,4,Spend 4 SP after: gathering.salvage.2,Unlocks weapon → component recycling at workbench.  [recyclingUnlocked true],"craft_recycle_blade, craft_recycle_gun",Scrap Cutter / Multitool
gathering.salvage.4,Wreck Diver,Gathering,Salvage,4,8,Spend 8 SP after: gathering.salvage.3,"+50% rare salvage, sunken wrecks become harvestable.  [salvageYieldBonus +0.50, sunkenWreckUnlocked true]",craft_dive_rebreather,Scrap Cutter / Rebreather
gathering.master,Land's Bounty,Gathering,—,M,20,Spend 20 SP after maxing all 5 branches: gathering.forestry.4 + gathering.mining.4 + gathering.permafrost.4 + gathering.crystals.4 + gathering.salvage.4,"PROFESSION MASTER — +25% all yield, +25% rare drops, +15% speed, all branch unlocks active. Requires Forestry 4 + Mining 4 + Permafrost 4 + Crystals 4 + Salvage 4.  [harvestYieldBonus +0.25, harvestRareBonus +0.25, harvestSpeedBonus +0.15]","craft_resonator_master, craft_dredge_rig",Land-Steward's Crook
hunting.fishing.1,Patient Line,Hunting,Fishing,1,1,Spend 1 SP (no prerequisite — branch entry),+10% fish per pond.  [fishingYieldBonus +0.10],craft_fishing_rod,Fishing Rod
hunting.fishing.2,Tide Reader,Hunting,Fishing,2,2,Spend 2 SP after: hunting.fishing.1,+15% rare catches in any pond.  [harvestRareBonus +0.15],craft_bait_worm,Fishing Rod
hunting.fishing.3,Net Weaver,Hunting,Fishing,3,4,Spend 4 SP after: hunting.fishing.2,+20% fish (stacks).  [fishingYieldBonus +0.20],craft_fishing_net,Fishing Rod
hunting.fishing.4,Leviathan Lure,Hunting,Fishing,4,8,Spend 8 SP after: hunting.fishing.3,"+30% first cast yield, unlocks leviathan-class catches.  [fishingYieldBonus +0.30, leviathanUnlocked true]","craft_harpoon, craft_deepsea_net, craft_leviathan_bait",Fishing Rod / Harpoon
hunting.animals.1,Marksman's Eye,Hunting,Animals,1,1,Spend 1 SP (no prerequisite — branch entry),+10% Hunting XP per animal kill.  [bountyXpBonus +0.10],craft_skinning_knife,Bow / Skinning Knife
hunting.animals.2,Stalker,Hunting,Animals,2,2,Spend 2 SP after: hunting.animals.1,+5% damage to elite beasts.  [gunsmithDamageBonus +0.05],craft_snare_trap,Bow / Skinning Knife
hunting.animals.3,Trophy Carver,Hunting,Animals,3,4,Spend 4 SP after: hunting.animals.2,+15% leather/skin from animal kills.  [skinningYieldBonus +0.15],"craft_bear_trap, craft_taxidermy_kit",Bow / Skinning Knife
hunting.animals.4,Big Game Hunter,Hunting,Animals,4,8,Spend 8 SP after: hunting.animals.3,"+25% Hunting XP from boss beasts, +10% damage to all wildlife.  [bountyXpBonus +0.25, gunsmithDamageBonus +0.10]","craft_tracking_arrow, craft_trophy_mount",Bow / Sniper Rifle
hunting.bounty.1,Bounty Board Initiate,Hunting,Bounty (Missions),1,1,Spend 1 SP (no prerequisite — branch entry),+1 active bounty contract slot. Unlocks animal contracts.  [bountyContractSlots +1],craft_bounty_poster,Wanted Poster / Manacles
hunting.bounty.2,Tracker's Token,Hunting,Bounty (Missions),2,2,Spend 2 SP after: hunting.bounty.1,+25% bounty mission gold reward.  [bountyGoldBonus +0.25],craft_wanted_dossier,Wanted Poster / Manacles
hunting.bounty.3,Veteran Bounty,Hunting,Bounty (Missions),3,4,Spend 4 SP after: hunting.bounty.2,"+1 active bounty slot (stacks), +10% bounty mission XP.  [bountyContractSlots +1, bountyMissionXpBonus +0.10]","craft_capture_net, craft_bounty_lockbox",Wanted Poster / Manacles
hunting.bounty.4,Bounty King,Hunting,Bounty (Missions),4,8,Spend 8 SP after: hunting.bounty.3,"+50% rare contract chance, +25% bounty mission XP. Unlocks villain NPC contracts.  [bountyRareContractBonus +0.50, bountyMissionXpBonus +0.25, villainContractsUnlocked true]","craft_villain_trophy, craft_manacles",Wanted Poster / Manacles
hunting.tracking.1,Sharp Senses,Hunting,Tracking,1,1,Spend 1 SP (no prerequisite — branch entry),Enemies appear on minimap within 25m.  [minimapEnemyRange +25],,Spyglass
hunting.tracking.2,Bloodtrail,Hunting,Tracking,2,2,Spend 2 SP after: hunting.tracking.1,Wounded beasts leave visible blood trails for 60s.  [bloodTrailDuration +60],craft_spyglass,Spyglass
hunting.tracking.3,Bird's Eye,Hunting,Tracking,3,4,Spend 4 SP after: hunting.tracking.2,"+50% spyglass zoom range; spot rare nodes at distance.  [spyglassZoomBonus +0.50, rareNodeMarker true]",craft_compass_brass,Spyglass / Brass Compass
hunting.tracking.4,Pathfinder,Hunting,Tracking,4,8,Spend 8 SP after: hunting.tracking.3,"Reveals map fog within 100m as you move; +25% out-of-combat speed.  [fogRevealRange +100, oocSpeedBonus +0.25]",craft_pathfinders_cloak,Spyglass / Pathfinder's Cloak
hunting.trapping.1,Snare Master,Hunting,Trapping,1,1,Spend 1 SP (no prerequisite — branch entry),Placed traps trigger 2× more often.  [trapTriggerBonus +1.00],,Snare Kit
hunting.trapping.2,Passive Hunter,Hunting,Trapping,2,2,Spend 2 SP after: hunting.trapping.1,Set traps grant +5 Hunting XP every 5 minutes (max 6/h).  [passiveTrapXpRate +1],craft_snare_advanced,Snare Kit
hunting.trapping.3,Lure Crafter,Hunting,Trapping,3,4,Spend 4 SP after: hunting.trapping.2,"bait_worm and bait_meat last 2× longer in traps; unlocks Trapper hire (resets snares & gathers carcasses).  [baitDurationBonus +1.00, allyUnlocked trapper]","craft_bait_meat, craft_bait_lure_pheromone, hire_trapper",Snare Kit
hunting.trapping.4,Honey Pot,Hunting,Trapping,4,8,Spend 8 SP after: hunting.trapping.3,"Unlock honey_pot trap (catches rare beasts overnight), +50% trap rare drop chance.  [honeyPotUnlocked true, trapRareDropBonus +0.50]",craft_honey_pot,Snare Kit
hunting.master,Apex Predator,Hunting,—,M,20,Spend 20 SP after maxing all 5 branches: hunting.fishing.4 + hunting.animals.4 + hunting.bounty.4 + hunting.tracking.4 + hunting.trapping.4,"PROFESSION MASTER — +25% all damage, +25% hunt XP, +25% skinning, +1 contract slot, all unlocks active. Requires Fishing 4 + Animals 4 + Bounty 4 + Tracking 4 + Trapping 4.  [gunsmithDamageBonus +0.25, bladesmithDamageBonus +0.25, bountyXpBonus +0.25, skinningYieldBonus +0.25, bountyContractSlots +1]",craft_legendary_trophy,Bow / Sniper Rifle
crafting.equipment.1,Apprentice Smith,Crafting,Equipment,1,1,Spend 1 SP (no prerequisite — branch entry),-10% material cost on craft.  [craftCostReduction +0.10],"craft_pickaxe, craft_hammer_tool, craft_bucket_metal",Carpenter Hammer
crafting.equipment.2,Field Repair,Crafting,Equipment,2,2,Spend 2 SP after: crafting.equipment.1,+10% craft quality.  [craftQualityBonus +0.10],"craft_repair_kit, craft_whetstone, craft_torch_metal",Carpenter Hammer
crafting.equipment.3,Layered Plate,Crafting,Equipment,3,4,Spend 4 SP after: crafting.equipment.2,+10% armour defense.  [armourDefenseBonus +0.10],"craft_shield_round, craft_shield_round_2",Carpenter Hammer
crafting.equipment.4,Artificer,Crafting,Equipment,4,8,Spend 8 SP after: crafting.equipment.3,"-15% cost, +25% quality on legendary recipes (stacks).  [craftCostReduction +0.15, craftQualityBonus +0.25]","craft_workbench, craft_anvil, craft_weapon_stand, craft_workbench_drawers",Carpenter Hammer
crafting.bladesmith.1,Sharper Edge,Crafting,Bladesmith,1,1,Spend 1 SP (no prerequisite — branch entry),+5% melee weapon damage.  [bladesmithDamageBonus +0.05],"craft_dagger, craft_iron_sword",Smith's Hammer
crafting.bladesmith.2,Folded Steel,Crafting,Bladesmith,2,2,Spend 2 SP after: crafting.bladesmith.1,+10% melee weapon damage (stacks).  [bladesmithDamageBonus +0.10],"craft_sword_2, craft_dagger_2, craft_axe_small",Smith's Hammer
crafting.bladesmith.3,Warden's Blade,Crafting,Bladesmith,3,4,Spend 4 SP after: crafting.bladesmith.2,+10% craft quality on swords.  [craftQualityBonus +0.10],"craft_axe, craft_hammer_small, craft_spear",Smith's Hammer
crafting.bladesmith.4,Soulforged,Crafting,Bladesmith,4,8,Spend 8 SP after: crafting.bladesmith.3,"+25% bladed damage, +15% melee crit (stacks).  [bladesmithDamageBonus +0.25, bladesmithDamageBonus +0.15]","craft_sword_big, craft_axe_double, craft_hammer_double, craft_claymore, craft_scythe",Smith's Hammer
crafting.gunsmith.1,True Sights,Crafting,Gunsmith,1,1,Spend 1 SP (no prerequisite — branch entry),+5% ranged weapon damage.  [gunsmithDamageBonus +0.05],"craft_bow_wooden, craft_arrow_iron, craft_pistol_1",Gunsmith Calipers
crafting.gunsmith.2,Tight Bore,Crafting,Gunsmith,2,2,Spend 2 SP after: crafting.gunsmith.1,+10% ranged damage (stacks).  [gunsmithDamageBonus +0.10],"craft_bow_wooden_2, craft_pistol_2, craft_pistol_3, craft_revolver_1, craft_smg_1",Gunsmith Calipers
crafting.gunsmith.3,Quick Draw,Crafting,Gunsmith,3,4,Spend 4 SP after: crafting.gunsmith.2,-10% ranged crafting cost.  [craftCostReduction +0.10],"craft_smg_2, craft_smg_3, craft_shotgun_1, craft_shotgun_2, craft_bow_evil",Gunsmith Calipers
crafting.gunsmith.4,Rift-Hunter Rifle,Crafting,Gunsmith,4,8,Spend 8 SP after: crafting.gunsmith.3,"+25% ranged damage, +15% boss damage (stacks).  [gunsmithDamageBonus +0.25, gunsmithDamageBonus +0.15]","craft_assault_rifle_1, craft_assault_rifle_2, craft_assault_rifle_3, craft_shotgun_sawedoff, craft_shotgun_3, craft_bullpup_1, craft_sniper_1, craft_sniper_5, craft_assault_rifle2_4, craft_bullpup_3",Gunsmith Calipers
crafting.armour.1,Padded Lining,Crafting,Armour,1,1,Spend 1 SP (no prerequisite — branch entry),+5% armour defense.  [armourDefenseBonus +0.05],"craft_armour_peasant_chest, craft_armour_peasant_legs, craft_armour_peasant_feet, craft_armour_peasant_arms",Plate Hammer
crafting.armour.2,Plate & Mail,Crafting,Armour,2,2,Spend 2 SP after: crafting.armour.1,+10% defense (stacks).  [armourDefenseBonus +0.10],"craft_armour_leather_set, craft_helmet_open",Plate Hammer
crafting.armour.3,Reinforced Joints,Crafting,Armour,3,4,Spend 4 SP after: crafting.armour.2,+10% damage reduction.  [damageReductionBonus +0.10],"craft_armour_mail_set, craft_shield_heater",Plate Hammer
crafting.armour.4,Aegis Plating,Crafting,Armour,4,8,Spend 8 SP after: crafting.armour.3,"+25% damage reduction, +15% defense (stacks).  [damageReductionBonus +0.25, armourDefenseBonus +0.15]","craft_armour_plate_set, craft_shield_heater_2, craft_helmet_full, craft_armour_ranger_chest, craft_armour_ranger_legs, craft_armour_ranger_feet, craft_armour_ranger_arms, craft_armour_ranger_head, craft_armour_ranger_shoulders",Plate Hammer
crafting.tinkering.1,Mod Slot,Crafting,Tinkering,1,1,Spend 1 SP (no prerequisite — branch entry),First weapon attachment per gun costs no schematic.  [firstAttachmentFree true],"craft_attach_silencer_1, craft_attach_scope_1",Soldering Iron
crafting.tinkering.2,Hot Wire,Crafting,Tinkering,2,2,Spend 2 SP after: crafting.tinkering.1,Unlocks mid-tier attachment recipes; +10% gadget effect.  [gadgetEffectBonus +0.10],"craft_attach_silencer_2, craft_attach_scope_2, craft_attach_grip",Soldering Iron
crafting.tinkering.3,Engineer,Crafting,Tinkering,3,4,Spend 4 SP after: crafting.tinkering.2,"Gadget cooldowns -20%; unlock heavy attachments.  [gadgetCooldownReduction +0.20, gadgetEffectBonus +0.10]","craft_attach_bipod, craft_attach_silencer_long, craft_attach_scope_3, craft_attach_tripod",Soldering Iron / Multitool
crafting.tinkering.4,Master Tinkerer,Crafting,Tinkering,4,8,Spend 8 SP after: crafting.tinkering.3,"Gadgets crit for +50% effect; unlock prototype gadgets.  [gadgetCritChance +0.25, gadgetCritBonus +0.50]","craft_drone_recon, craft_emp_grenade, craft_grappling_hook",Soldering Iron / Prototype Rig
crafting.master,Riftforge Artisan,Crafting,—,M,20,Spend 20 SP after maxing all 5 branches: crafting.equipment.4 + crafting.bladesmith.4 + crafting.gunsmith.4 + crafting.armour.4 + crafting.tinkering.4,"PROFESSION MASTER — +15% all weapon damage, +25% craft quality, -15% craft cost, all unlocks active. Requires Equipment 4 + Bladesmith 4 + Gunsmith 4 + Armour 4 + Tinkering 4.  [bladesmithDamageBonus +0.15, gunsmithDamageBonus +0.15, armourDefenseBonus +0.15, craftQualityBonus +0.25, craftCostReduction +0.15]","craft_shield_celtic_golden, craft_sword_golden, craft_bow_golden, craft_sniper_6, craft_gun_scifi_pistol",Anvil
township.leadership.1,Fair Hand,Township,Leadership,1,1,Spend 1 SP (no prerequisite — branch entry),+1 NPC recruit cap.  [recruitCapBonus +1],,Captain's Banner
township.leadership.2,Camp Morale,Township,Leadership,2,2,Spend 2 SP after: township.leadership.1,"+10% camp morale; +1 party Follower slot (hire_mercenary).  [campMoraleBonus +0.10, followerSlots +1]","build_banner, hire_mercenary",Captain's Banner
township.leadership.3,Trusted Captain,Township,Leadership,3,4,Spend 4 SP after: township.leadership.2,+2 NPC recruit cap (stacks).  [recruitCapBonus +2],build_recruit_post,Captain's Banner
township.leadership.4,Warlord,Township,Leadership,4,8,Spend 8 SP after: township.leadership.3,"+5 NPC recruit cap, +20% morale, +2 party Follower slots (stacks).  [recruitCapBonus +5, campMoraleBonus +0.20, followerSlots +2]","build_banner_2, build_war_banner",Captain's Banner / War Banner
township.buildings.1,Frugal Builder,Township,Buildings & Prosperity,1,1,Spend 1 SP (no prerequisite — branch entry),-10% building cost.  [buildCostReduction +0.10],"build_floor_modular, build_wall_modular, build_door_round",Mason's Trowel
township.buildings.2,Salvage Yard,Township,Buildings & Prosperity,2,2,Spend 2 SP after: township.buildings.1,"+10% morale per building; unlocks Logging Camp (employs Woodcutter NPC, +5 wood/day passive).  [campMoraleBonus +0.10, harvesterUnlocked woodcutter]","build_floor_brick, build_floor_wood_dark, build_window, build_window_shutters, build_doorframe_round, build_logging_camp, hire_woodcutter",Mason's Trowel
township.buildings.3,Master Mason,Township,Buildings & Prosperity,3,4,Spend 4 SP after: township.buildings.2,"-20% building cost (stacks); unlocks Mining Outpost (employs Miner NPC, +5 ore/day).  [buildCostReduction +0.20, harvesterUnlocked miner]","build_roof_tile, build_overhang_plaster, build_balcony_simple, build_stairs_modular, build_mining_outpost, hire_miner",Mason's Trowel
township.buildings.4,Boomtown,Township,Buildings & Prosperity,4,8,Spend 8 SP after: township.buildings.3,"-15% craft cost, +30% morale (stacks); unlocks Field (employs Farmer NPC, +5 herb/day).  [craftCostReduction +0.15, campMoraleBonus +0.30, harvesterUnlocked farmer]","build_workbench_drawers, build_armory_chest, build_metal_fence, build_overhang_uneven_brick, build_balcony_cross, build_keep_chimney, build_field, hire_farmer",Mason's Trowel
township.trade.1,Haggler,Township,Trade,1,1,Spend 1 SP (no prerequisite — branch entry),"+10% gold from sales to NPCs; unlocks Stall Vendor hire (mans market stalls, auto-sells loot).  [sellGoldBonus +0.10, vendorUnlocked stall]","build_market_stall, hire_stall_vendor",Merchant's Coinpurse
township.trade.2,Caravan,Township,Trade,2,2,Spend 2 SP after: township.trade.1,"Unlocks build_trade_post (passive 5 gold/day per post when staffed by Caravan Master).  [passiveGoldRate +5, vendorUnlocked caravan_master]","build_trade_post, build_caravan_cart, hire_caravan_master",Merchant's Coinpurse
township.trade.3,Black Market,Township,Trade,3,4,Spend 4 SP after: township.trade.2,"Unlocks rare/contraband goods at township market stalls; unlocks Fence hire (buys stolen goods +50%).  [blackMarketUnlocked true, vendorUnlocked fence]","build_market_complex, craft_smuggler_crate, hire_fence",Merchant's Coinpurse
township.trade.4,Tycoon,Township,Trade,4,8,Spend 8 SP after: township.trade.3,"+50% gold from all sources, passive +10 gold/day per trade post; Bazaar slots gain 3 Vendor hire slots.  [sellGoldBonus +0.50, passiveGoldRate +10, vendorUnlocked bazaar_merchant]","build_grand_bazaar, hire_bazaar_merchant",Merchant's Coinpurse / Gilded Ledger
township.diplomacy.1,Smooth Talker,Township,Diplomacy,1,1,Spend 1 SP (no prerequisite — branch entry),Friendly NPCs heal you 1 hp/sec while in camp.  [allyAuraHealRate +1],,Diplomatic Scroll
township.diplomacy.2,Faction Standing,Township,Diplomacy,2,2,Spend 2 SP after: township.diplomacy.1,+10% reputation gain with all factions.  [reputationGainBonus +0.10],build_meeting_hall,Diplomatic Scroll
township.diplomacy.3,Treaty Maker,Township,Diplomacy,3,4,Spend 4 SP after: township.diplomacy.2,"Unlocks build_embassy (faction passive bonuses while built); unlocks Diplomat Envoy hire (mans embassy, +1 reputation/day).  [embassyUnlocked true, allyUnlocked diplomat]","build_embassy, craft_treaty_seal, hire_diplomat",Diplomatic Scroll / Embassy Banner
township.diplomacy.4,Crown Bearer,Township,Diplomacy,4,8,Spend 8 SP after: township.diplomacy.3,Friendly factions send a gift caravan weekly.  [factionGiftWeekly true],"build_throne, build_diplomat_quarters",Diplomatic Scroll / Crown
township.defenses.1,Watchful,Township,Defenses,1,1,Spend 1 SP (no prerequisite — branch entry),"Unlocks build_watchtower; +25% camp NPC alert range; unlocks Sentry hire (mans watchtower, ranged alert).  [watchtowerUnlocked true, npcAlertRange +0.25, allyUnlocked sentry]","build_watchtower, hire_sentry",Turret Schematic
township.defenses.2,Sturdy Walls,Township,Defenses,2,2,Spend 2 SP after: township.defenses.1,"Placed walls have +50% HP; unlocks Gate Guard hire pair (patrols gates/palisade).  [wallHpBonus +0.50, allyUnlocked gate_guard]","build_palisade, build_gate_iron, hire_gate_guard",Turret Schematic
township.defenses.3,Auto-Turret,Township,Defenses,3,4,Spend 4 SP after: township.defenses.2,"Unlocks build_turret_basic (auto-fires at hostiles in range); unlocks Turret Gunner hire (+30% accuracy / +20% rate while assigned).  [turretBasicUnlocked true, allyUnlocked gunner]","build_turret_basic, craft_turret_ammo, hire_gunner",Turret Schematic / Turret Toolkit
township.defenses.4,Fortress,Township,Defenses,4,8,Spend 8 SP after: township.defenses.3,"+25% all camp building HP, turrets +50% damage; unlocks Captain hire (elite party companion + 3-NPC squad).  [buildingHpBonus +0.25, turretDamageBonus +0.50, allyUnlocked captain]","build_turret_heavy, build_keep_gate, hire_captain",Turret Schematic / Fortress Keystone
township.master,Lord of the Township,Township,—,M,20,Spend 20 SP after maxing all 5 branches: township.leadership.4 + township.buildings.4 + township.trade.4 + township.diplomacy.4 + township.defenses.4,"PROFESSION MASTER — +3 recruits, +25% morale, -25% build cost, all unlocks active. Requires Leadership 4 + Buildings 4 + Trade 4 + Diplomacy 4 + Defenses 4.  [recruitCapBonus +3, campMoraleBonus +0.25, buildCostReduction +0.25, sellGoldBonus +0.25]","build_command_tent, build_lords_hall",Lord's Banner
survival.training.1,Conditioning,Survival,Combat Training,1,1,Spend 1 SP (no prerequisite — branch entry),+10 max HP.  [maxHpBonus +10],,Training Sword
survival.training.2,Wind Sprints,Survival,Combat Training,2,2,Spend 2 SP after: survival.training.1,+15% stamina regen.  [staminaRegenBonus +0.15],,Training Sword
survival.training.3,Iron Skin,Survival,Combat Training,3,4,Spend 4 SP after: survival.training.2,+5% damage reduction.  [damageReductionBonus +0.05],,Training Sword
survival.training.4,Battle-Scarred,Survival,Combat Training,4,8,Spend 8 SP after: survival.training.3,"+25 max HP, +15% damage reduction (stacks).  [maxHpBonus +25, damageReductionBonus +0.15]",,Training Sword
survival.resolve.1,Second Wind,Survival,Resolve,1,1,Spend 1 SP (no prerequisite — branch entry),+15% stamina regen.  [staminaRegenBonus +0.15],,Heavy Pack
survival.resolve.2,Set Jaw,Survival,Resolve,2,2,Spend 2 SP after: survival.resolve.1,+15 max HP.  [maxHpBonus +15],,Heavy Pack
survival.resolve.3,Unyielding,Survival,Resolve,3,4,Spend 4 SP after: survival.resolve.2,+10% damage reduction.  [damageReductionBonus +0.10],,Heavy Pack
survival.resolve.4,Indomitable,Survival,Resolve,4,8,Spend 8 SP after: survival.resolve.3,"+30 max HP, +20% damage reduction (stacks).  [maxHpBonus +30, damageReductionBonus +0.20]",,Heavy Pack
survival.endurance.1,Camel,Survival,Endurance,1,1,Spend 1 SP (no prerequisite — branch entry),+25% food and water buff duration.  [foodBuffDurationBonus +0.25],craft_waterskin,Waterskin
survival.endurance.2,Marathoner,Survival,Endurance,2,2,Spend 2 SP after: survival.endurance.1,Sprint costs -20% stamina.  [sprintCostReduction +0.20],,Waterskin
survival.endurance.3,Iron Stomach,Survival,Endurance,3,4,Spend 4 SP after: survival.endurance.2,"Eat raw food without penalty; +10% all food yield consumed.  [rawFoodPenaltyImmunity true, foodEffectBonus +0.10]",,Waterskin
survival.endurance.4,Eternal Wanderer,Survival,Endurance,4,8,Spend 8 SP after: survival.endurance.3,"Passive +1 hp/sec out of combat, +25% food duration (stacks).  [oocHealRate +1, foodBuffDurationBonus +0.25]",craft_camp_kettle,Waterskin / Camp Kettle
survival.wilderness.1,Layered Furs,Survival,Wilderness,1,1,Spend 1 SP (no prerequisite — branch entry),-50% cold damage in tundra.  [coldResistBonus +0.50],,Survivor's Cloak
survival.wilderness.2,Sunbleached,Survival,Wilderness,2,2,Spend 2 SP after: survival.wilderness.1,-50% heat damage in desert.  [heatResistBonus +0.50],,Survivor's Cloak
survival.wilderness.3,Rad Suit,Survival,Wilderness,3,4,Spend 4 SP after: survival.wilderness.2,-50% radiation damage in rift zones.  [radResistBonus +0.50],craft_rad_suit,Survivor's Cloak / Rad Suit
survival.wilderness.4,Element-Forged,Survival,Wilderness,4,8,Spend 8 SP after: survival.wilderness.3,"+25% damage in any biome you have full resist for, biome resists stack.  [biomeDamageBonus +0.25, allResistsStack true]",craft_elementforged_cloak,Survivor's Cloak / Elementforged Cloak
survival.veterancy.1,Bronze Mark,Survival,Veterancy,1,1,Spend 1 SP (no prerequisite — branch entry),+5% XP from all sources.  [bountyXpBonus +0.05],,Veteran's Medal
survival.veterancy.2,Silver Mark,Survival,Veterancy,2,2,Spend 2 SP after: survival.veterancy.1,+10% XP (stacks).  [bountyXpBonus +0.10],,Veteran's Medal
survival.veterancy.3,Gold Mark,Survival,Veterancy,3,4,Spend 4 SP after: survival.veterancy.2,+20% XP (stacks).  [bountyXpBonus +0.20],,Veteran's Medal
survival.veterancy.4,Platinum Mark,Survival,Veterancy,4,8,Spend 8 SP after: survival.veterancy.3,"+15% damage reduction, +50 max HP (stacks).  [damageReductionBonus +0.15, maxHpBonus +50]",,Veteran's Medal
survival.master,Rift-Mark,Survival,—,M,20,Spend 20 SP after maxing all 5 branches: survival.training.4 + survival.resolve.4 + survival.endurance.4 + survival.wilderness.4 + survival.veterancy.4,"PROFESSION MASTER — +75 max HP, +25% DR, +25% stamina regen, +25% XP, all biome resists max, all unlocks active. Requires Training 4 + Resolve 4 + Endurance 4 + Wilderness 4 + Veterancy 4.  [maxHpBonus +75, damageReductionBonus +0.25, staminaRegenBonus +0.25, bountyXpBonus +0.25, allResistsStack true]",craft_riftmark_amulet,Veteran's Crest
chemistry.growth.1,Hot Plate,Chemistry,Cooking,1,1,Spend 1 SP (no prerequisite — branch entry),+10% cooked food yield.  [cookingYieldBonus +0.10],"cook_meat, cook_fish, cook_berry_jam",Cooking Pan
chemistry.growth.2,Hearty Stew,Chemistry,Cooking,2,2,Spend 2 SP after: chemistry.growth.1,+25% food buff duration.  [foodBuffDurationBonus +0.25],"cook_stew, cook_grain_porridge, cook_roast_corn",Cooking Pan
chemistry.growth.3,Camp Chef,Chemistry,Cooking,3,4,Spend 4 SP after: chemistry.growth.2,+20% food yield (stacks).  [cookingYieldBonus +0.20],"cook_roast_meat, cook_fish_filet_grilled, cook_mushroom_skewer",Cooking Pan
chemistry.growth.4,Master of the Pot,Chemistry,Cooking,4,8,Spend 8 SP after: chemistry.growth.3,"+50% food duration, +30% yield (stacks).  [foodBuffDurationBonus +0.50, cookingYieldBonus +0.30]","cook_hunters_pie, cook_camp_feast, cook_stratocolony_ration",Cooking Pan
chemistry.goos.1,Quick Brew,Chemistry,Goos (Potions),1,1,Spend 1 SP (no prerequisite — branch entry),+10% potion potency.  [potionPotencyBonus +0.10],"brew_minor_health, brew_water_purified",Mortar & Pestle
chemistry.goos.2,Pure Reagents,Chemistry,Goos (Potions),2,2,Spend 2 SP after: chemistry.goos.1,+15% potion potency (stacks).  [potionPotencyBonus +0.15],"brew_stamina_potion, brew_minor_antidote",Mortar & Pestle
chemistry.goos.3,Stabilizer,Chemistry,Goos (Potions),3,4,Spend 4 SP after: chemistry.goos.2,+25% potion duration.  [foodBuffDurationBonus +0.25],"brew_health_potion, brew_speed_tonic",Mortar & Pestle
chemistry.goos.4,Master Alchemist,Chemistry,Goos (Potions),4,8,Spend 8 SP after: chemistry.goos.3,"+25% potion potency, +50% potency stack.  [potionPotencyBonus +0.25, potionPotencyBonus +0.50]","brew_greater_health, brew_radiation_resist, brew_invisibility_draught, brew_crystal_x_essence",Mortar & Pestle
chemistry.demo.1,Sapper,Chemistry,Demolitions,1,1,Spend 1 SP (no prerequisite — branch entry),+20% explosion damage from grenades and charges.  [explosionDamageBonus +0.20],craft_grenade_frag,Detonator
chemistry.demo.2,Flashfire,Chemistry,Demolitions,2,2,Spend 2 SP after: chemistry.demo.1,Explosions ignite enemies for 5s (5 dmg/s).  [igniteOnExplosion true],"craft_grenade_incendiary, craft_grenade_smoke",Detonator
chemistry.demo.3,Sticky Bomb,Chemistry,Demolitions,3,4,Spend 4 SP after: chemistry.demo.2,Unlock craft_satchel_charge; charges adhere to surfaces.  [satchelChargeUnlocked true],"craft_satchel_charge, craft_landmine",Detonator / Sapper's Spade
chemistry.demo.4,Annihilator,Chemistry,Demolitions,4,8,Spend 8 SP after: chemistry.demo.3,"+50% blast radius, +25% damage (stacks).  [explosionRadiusBonus +0.50, explosionDamageBonus +0.25]","craft_grenade_rift, craft_breaching_charge",Detonator / Rift Charge
chemistry.tox.1,Poisoner,Chemistry,Toxicology,1,1,Spend 1 SP (no prerequisite — branch entry),Coated weapons deal +5 poison/sec for 10s.  [weaponPoisonOnHit +5],brew_poison_vial,Venom Vial
chemistry.tox.2,Gas Cloud,Chemistry,Toxicology,2,2,Spend 2 SP after: chemistry.tox.1,Unlock craft_gas_grenade (10m AoE 8 dmg/s).  [gasGrenadeUnlocked true],"craft_gas_grenade, brew_corrosive_oil",Venom Vial
chemistry.tox.3,Acid Bath,Chemistry,Toxicology,3,4,Spend 4 SP after: chemistry.tox.2,Poisons reduce enemy DR by 25%.  [poisonArmourPenetration +0.25],"brew_acid_flask, craft_poison_dart_pack",Venom Vial
chemistry.tox.4,Plague Bearer,Chemistry,Toxicology,4,8,Spend 8 SP after: chemistry.tox.3,Unlock craft_plague_vial (AoE DoT lasting 30s).  [plagueVialUnlocked true],"craft_plague_vial, brew_venom_concentrate",Venom Vial / Plague Censer
chemistry.refining.1,Smelter,Chemistry,Refining,1,1,Spend 1 SP (no prerequisite — branch entry),+20% iron→ingot yield at smelter.  [smeltYieldBonus +0.20],build_smelter,Crucible Tongs
chemistry.refining.2,Distiller,Chemistry,Refining,2,2,Spend 2 SP after: chemistry.refining.1,+20% herb→reagent yield at workbench.  [distillYieldBonus +0.20],craft_distiller,Crucible Tongs
chemistry.refining.3,Crucible,Chemistry,Refining,3,4,Spend 4 SP after: chemistry.refining.2,Refining at workbench gives 2× output.  [refineDoubleOutput true],"build_crucible, craft_purified_ore",Crucible Tongs / Furnace Bellows
chemistry.refining.4,Transmuter,Chemistry,Refining,4,8,Spend 8 SP after: chemistry.refining.3,Unlock iron→steel and copper→bronze transmutation recipes.  [transmutationUnlocked true],"craft_iron_to_steel, craft_copper_to_bronze, craft_crystal_to_attuned",Crucible Tongs / Transmuter's Wand
chemistry.master,Pact of the Goos,Chemistry,—,M,20,Spend 20 SP after maxing all 5 branches: chemistry.growth.4 + chemistry.goos.4 + chemistry.demo.4 + chemistry.tox.4 + chemistry.refining.4,"PROFESSION MASTER — +50% potion potency, +50% food duration, +25% cooking yield, +50% explosion radius, all unlocks active. Requires Cooking 4 + Goos 4 + Demolitions 4 + Toxicology 4 + Refining 4.  [potionPotencyBonus +0.50, foodBuffDurationBonus +0.50, cookingYieldBonus +0.25, explosionRadiusBonus +0.50]","brew_elixir_eternity, cook_kings_table, craft_pact_charm",Master's Cauldron
combat.pistol.1,Steady Aim,Combat,Pistol,1,1,Spend 1 SP (no prerequisite — branch entry),+5% pistol damage.  [pistolDamageBonus +0.05],,Any Pistol (Pistol_1–3 / Revolver)
combat.pistol.2,Quick Reload,Combat,Pistol,2,2,Spend 2 SP after: combat.pistol.1,+20% pistol reload speed.  [pistolReloadSpeedBonus +0.20],,Any Pistol
combat.pistol.3,Twin Shot,Combat,Pistol,3,4,Spend 4 SP after: combat.pistol.2,+15% pistol damage (stacks).  [pistolDamageBonus +0.15],,Any Pistol
combat.pistol.4,Gunslinger,Combat,Pistol,4,8,Spend 8 SP after: combat.pistol.3,"+25% pistol damage, +25% crit chance (stacks).  [pistolDamageBonus +0.25, pistolCritBonus +0.25]",,Any Pistol / Revolver
combat.rifle.1,True Shot,Combat,Rifle,1,1,Spend 1 SP (no prerequisite — branch entry),+5% rifle damage.  [rifleDamageBonus +0.05],,Any Rifle (AssaultRifle / SniperRifle / Bullpup)
combat.rifle.2,Scope Discipline,Combat,Rifle,2,2,Spend 2 SP after: combat.rifle.1,+25% rifle accuracy at range.  [rifleAccuracyBonus +0.25],,Any Rifle
combat.rifle.3,Heavy Slug,Combat,Rifle,3,4,Spend 4 SP after: combat.rifle.2,+15% rifle damage (stacks).  [rifleDamageBonus +0.15],,Any Rifle
combat.rifle.4,Rifleman,Combat,Rifle,4,8,Spend 8 SP after: combat.rifle.3,"+25% rifle damage, +50% headshot damage (stacks).  [rifleDamageBonus +0.25, rifleHeadshotBonus +0.50]",,Any Rifle / Sniper
combat.blades.1,First Cut,Combat,Blades,1,1,Spend 1 SP (no prerequisite — branch entry),+5% blade damage in hand.  [bladeUseDamageBonus +0.05],,Any Sword / Dagger / Scythe
combat.blades.2,Footwork,Combat,Blades,2,2,Spend 2 SP after: combat.blades.1,+15% blade attack speed.  [bladeAttackSpeedBonus +0.15],,Any Sword / Dagger
combat.blades.3,Riposte,Combat,Blades,3,4,Spend 4 SP after: combat.blades.2,"+15% blade damage (stacks), parry restores stamina.  [bladeUseDamageBonus +0.15, parryStaminaBonus +0.10]",,Any Sword / Dagger
combat.blades.4,Swordmaster,Combat,Blades,4,8,Spend 8 SP after: combat.blades.3,"+25% blade damage, +20% blade crit damage (stacks).  [bladeUseDamageBonus +0.25, bladeCritDamageBonus +0.20]",,Claymore / Sword_Big / Sword_Golden
combat.hammers.1,Solid Strike,Combat,Hammers,1,1,Spend 1 SP (no prerequisite — branch entry),+5% hammer/axe damage.  [hammerUseDamageBonus +0.05],,Any Hammer / Axe
combat.hammers.2,Concussive,Combat,Hammers,2,2,Spend 2 SP after: combat.hammers.1,+20% chance to stagger on hit.  [staggerChanceBonus +0.20],,Any Hammer / Axe
combat.hammers.3,Crushing Blow,Combat,Hammers,3,4,Spend 4 SP after: combat.hammers.2,+15% hammer/axe damage (stacks).  [hammerUseDamageBonus +0.15],,Any Hammer / Axe
combat.hammers.4,Skull-Splitter,Combat,Hammers,4,8,Spend 8 SP after: combat.hammers.3,"+25% damage, +50% damage to shielded enemies (stacks).  [hammerUseDamageBonus +0.25, shieldBreakBonus +0.50]",,Hammer_Double / Axe_Double / War Hammer
combat.theft.1,Light Fingers,Combat,Theft,1,1,Spend 1 SP (no prerequisite — branch entry),Unlocks pickpocket; +25% pickpocket success.  [pickpocketYieldBonus +0.25],,Dagger / Knife (concealed)
combat.theft.2,Lockbreaker,Combat,Theft,2,2,Spend 2 SP after: combat.theft.1,+30% lockpick speed.  [lockpickSpeedBonus +0.30],craft_lockpick_set,Lockpick / Dagger
combat.theft.3,Cutpurse,Combat,Theft,3,4,Spend 4 SP after: combat.theft.2,"+50% gold from pickpocket, +25% stealth.  [pickpocketYieldBonus +0.50, stealthBonus +0.25]",,Dagger
combat.theft.4,Phantom,Combat,Theft,4,8,Spend 8 SP after: combat.theft.3,"-30% stealth detection radius, +50% backstab damage.  [stealthBonus +0.30, backstabDamageBonus +0.50]",craft_smoke_cloak,Dagger / Dagger_2
combat.master,Apex Combatant,Combat,—,M,20,Spend 20 SP after maxing all 5 branches: combat.pistol.4 + combat.rifle.4 + combat.blades.4 + combat.hammers.4 + combat.theft.4,"PROFESSION MASTER — +15% all weapon damage, +15% crit, +15% reload, +15% stealth, +50 max HP. Requires Pistol 4 + Rifle 4 + Blades 4 + Hammers 4 + Theft 4.  [pistolDamageBonus +0.15, rifleDamageBonus +0.15, bladeUseDamageBonus +0.15, hammerUseDamageBonus +0.15, pistolCritBonus +0.15, pistolReloadSpeedBonus +0.15, stealthBonus +0.15, maxHpBonus +50]",,Master's Mantle (any signature)
